use uzistuff

insert into user (id, username, password_hash) values (1, 'John', 'pbkdf2:sha256:50000$JzEe85lG$f0a10c3d079bc7c988adb9779f8cd9df5828f9466e1547dd7e300e9497ef9086');
insert into user (id, username, password_hash) values (2, 'Alice', 'pbkdf2:sha256:50000$JzEe85lG$f0a10c3d079bc7c988adb9779f8cd9df5828f9466e1547dd7e300e9497ef9086');
insert into ru (id, name) values (1, 'SPB');
insert into ru (id, name) values (2, 'MSK');
insert into ru (id, name) values (3, 'YAR');
insert into ru (id, name) values (4, 'KRD');
insert into ru (id, name) values (5, 'KMR');
insert into ru (id, name) values (6, 'NSK');
insert into ru (id, name) values (7, 'OMS');
insert into ru (id, name) values (8, 'CHL');
insert into ru (id, name) values (9, 'TUM');
insert into ru (id, name) values (10, 'EKB');
insert into region_mgmt (id, name) values (1, 'Санкт-Петербург');
insert into region_mgmt (id, name) values (2, 'Москва');
insert into region_mgmt (id, name) values (3, 'Ярославль');
insert into region_mgmt (id, name) values (4, 'Краснодар');
insert into region_mgmt (id, name) values (5, 'Кемерово');
insert into region_mgmt (id, name) values (6, 'Новосибирск');
insert into region_mgmt (id, name) values (7, 'Омск');
insert into region_mgmt (id, name) values (8, 'Челябинск');
insert into region_mgmt (id, name) values (9, 'Тюмень');
insert into region_mgmt (id, name) values (10, 'Урал');
insert into dzo (id, name, service, manager) values (1, 'Центр', 'Договор от 30.01.18', 'Кудашов');
insert into dzo (id, name, service, manager) values (2, 'НЕ-Центр', 'Договор не заключён', '');
insert into azs_type (id, azstype) values (1, 'АЗС');
insert into azs_type (id, azstype) values (2, 'ААЗС');
insert into azs_type (id, azstype) values (3, 'Смешанная');
insert into reasons (id, reason_name) values (1, 'В работе');
insert into reasons (id, reason_name) values (2, 'Демонтирована');
insert into reasons (id, reason_name) values (3, 'На реконструкции');
insert into reasons (id, reason_name) values (4, 'Сдана в аренду');
insert into prereasons (id, reason_name) values (1, 'В работе');
insert into prereasons (id, reason_name) values (2, 'Демонтирована');
insert into prereasons (id, reason_name) values (3, 'На реконструкции');
insert into prereasons (id, reason_name) values (4, 'Сдана в аренду');
insert into models_gate (id, name) values (1, 'S-terra 4.1');
insert into models_gate (id, name) values (2, 'S-terra 3.1');
insert into models_gate (id, name) values (3, 'Infotecs');
insert into models_gate (id, name) values (4, 'Другое');
insert into models_router (id, name) values (1, 'Cisco 2911');
insert into models_router (id, name) values (2, 'Cisco 1921');
insert into models_router (id, name) values (3, 'Cisco 4221');
insert into models_router (id, name) values (4, 'Huawei');
insert into models_router (id, name) values (5, 'Juniper');
insert into models_router (id, name) values (6, 'Eltex');

insert into azs (id, sixdign, ru, num, hostname, user_added, address, dzo, azs_type, active, mss_ip) values (222154, 222154, 2, 154, 'AZS-MSK-222-CRYPTO-154', 1, 'Москва, Горьковская 44', 1, 2, False, '192.168.1.154');
insert into azs (id, sixdign, ru, num, hostname, user_added, address, dzo, azs_type, active, mss_ip) values (222645, 222645, 8, 645, 'AZS-CHL-222-CRYPTO-645', 2, 'Челябинск, Ленина 12', 1, 2, True, '192.168.2.34');
insert into azs (id, sixdign, ru, num, hostname, user_added, address, dzo, azs_type, active, mss_ip) values (111314, 111314, 5, 314, 'AZS-KMR-111-CRYPTO-314', 2, 'Новокузнецк, Тольятти 34', 1, 2, True, '192.168.44.2');
insert into azs (id, sixdign, ru, num, hostname, user_added, address, dzo, azs_type, active, mss_ip) values (111222, 111222, 6, 222, 'AZS-TUM-111-CRYPTO-222', 1, 'Тюмень, Гагарина 29', 2, 1, False, '192.168.128.15');
insert into azs (id, sixdign, ru, num, hostname, user_added, address, dzo, azs_type, active, mss_ip) values (111333, 111333, 3, 333, 'AZS-SPB-111-CRYPTO-333', 2, 'Санкт-Петербург, Шушары', 2, 1, False, '192.168.2.101');
insert into hardware (id, azs_id) values (222154, 222154);
insert into hardware (id, azs_id) values (222645, 222645);
insert into hardware (id, azs_id) values (111314, 111314);
insert into hardware (id, azs_id) values (111222, 111222);
insert into hardware (id, azs_id) values (111333, 111333);
insert into status (id, azs_id, active, reason) values (222154, 222154, True, 1);
insert into status (id, azs_id, active, reason) values (222645, 222645, True, 1);
insert into status (id, azs_id, active, reason) values (111314, 111314, True, 1);
insert into status (id, azs_id, active, reason) values (111222, 111222, False, 3);
insert into status (id, azs_id, active, reason) values (111333, 111333, False, 4);
-- insert into ip (azs) values (222154);
-- insert into ip (azs) values (222645);
-- insert into ip (azs, interface, net) values (111314, 'eth0.22', '10.2.30.10/28');
-- insert into ip (azs, interface, net) values (111222, 'eth0.8', '10.57.1.1/30');
-- insert into ip (azs, interface, net) values (111333, 'eth0.9', '10.20.1.1/28');
